City_ID,City,Lat,Lng,Max Temp,Humidity,Cloudiness,Wind Speed,Country,Date,Max Temp (deg C)
0,edinburgh of the seven seas,-37.0676,-12.3116,286.01,76,38,12.84,SH,1728598298,12.759999999999991
1,port-aux-francais,-49.35,70.2167,274.83,94,83,17.55,TF,1728598026,1.579999999999984
2,ushuaia,-54.8,-68.3,278.17,84,99,1.33,AR,1728598150,4.920000000000016
3,bredasdorp,-34.5322,20.0403,285.71,82,100,2.1,ZA,1728598301,12.45999999999998
4,adamstown,-25.066,-130.1015,294.28,86,100,7.72,PN,1728598302,21.029999999999973
5,puerto natales,-51.7236,-72.4875,280.4,61,75,8.75,CL,1728598303,7.149999999999977
6,port elizabeth,-33.918,25.5701,288.88,93,89,1.79,ZA,1728598304,15.629999999999995
7,waitangi,-43.9535,-176.5597,284.16,71,78,1.79,NZ,1728598305,10.910000000000025
8,grytviken,-54.2811,-36.5092,272.09,95,100,2.33,GS,1728598306,-1.160000000000025
9,blackmans bay,-43.0167,147.3167,285.78,59,85,2.68,AU,1728598308,12.529999999999973
10,punta arenas,-53.15,-70.9167,280.21,65,75,7.2,CL,1728598309,6.9599999999999795
11,hermanus,-34.4187,19.2345,287.81,78,99,2.47,ZA,1728598310,14.560000000000002
12,albany,42.6001,-73.9662,283.47,64,12,1.34,US,1728598123,10.220000000000027
13,port alfred,-33.5906,26.891,288.81,89,100,0.89,ZA,1728598312,15.560000000000002
14,papatowai,-46.5619,169.4708,287.51,45,38,5.86,NZ,1728598313,14.259999999999991
15,invercargill,-46.4,168.35,287.05,62,55,4.92,NZ,1728598314,13.800000000000011
16,margaret river,-33.95,115.0667,287.4,65,34,4.59,AU,1728598315,14.149999999999977
17,east london,-33.0153,27.9116,291.89,81,98,8.21,ZA,1728598317,18.639999999999986
18,constantia,44.1833,28.65,289.65,63,72,2.02,RO,1728598318,16.399999999999977
19,chonchi,-42.6128,-73.8092,284.88,72,95,1.43,CL,1728598319,11.629999999999995
20,quellon,-43.1167,-73.6167,282.83,72,90,1.35,CL,1728598320,9.579999999999984
21,stanley,54.868,-1.6985,275.16,88,0,2.06,GB,1728598098,1.910000000000025
22,sarmiento,-45.5882,-69.07,286.69,27,76,11.55,AR,1728598322,13.439999999999998
23,rio grande,-32.035,-52.0986,290.21,92,100,10.16,BR,1728598323,16.95999999999998
24,plettenberg bay,-34.0527,23.3716,287.32,82,100,3.1,ZA,1728598044,14.069999999999993
25,lebu,-37.6167,-73.65,285.54,92,41,3.41,CL,1728598325,12.29000000000002
26,port macquarie,-31.4333,152.9167,292.08,75,3,1.13,AU,1728598326,18.829999999999984
27,sale,34.0389,-6.8166,292.53,94,10,0.0,MA,1728598328,19.279999999999973
28,afaahiti,-17.75,-149.2833,294.57,95,100,6.0,PF,1728598329,21.319999999999993
29,healesville,-37.65,145.5167,283.4,89,31,1.29,AU,1728598330,10.149999999999977
30,constitucion,-35.3333,-72.4167,286.68,75,81,4.14,CL,1728598256,13.430000000000007
31,el trebol,-32.2008,-61.7014,294.31,39,100,1.4,AR,1728598332,21.060000000000002
32,kingston,17.997,-76.7936,303.8,77,95,1.53,JM,1728598319,30.55000000000001
33,santa elena,-2.2333,-80.85,295.9,83,75,5.66,EC,1728598334,22.649999999999977
34,mar del plata,-38.0023,-57.5575,289.0,89,43,8.05,AR,1728598258,15.75
35,pozo del molle,-32.0186,-62.9198,293.33,49,98,2.28,AR,1728598274,20.079999999999984
36,ancud,-41.8697,-73.8203,281.72,87,100,2.66,CL,1728598338,8.470000000000027
37,wynyard,-41.0,145.7167,285.05,88,57,1.34,AU,1728598339,11.800000000000011
38,avarua,-21.2078,-159.775,298.18,69,40,7.2,CK,1728598340,24.930000000000007
39,thames,-37.1333,175.5333,284.1,90,98,2.06,NZ,1728598341,10.850000000000023
40,port saint john's,-31.6229,29.5448,294.08,83,70,7.77,ZA,1728598343,20.829999999999984
41,newnham,-41.3833,147.1333,284.68,66,20,6.69,AU,1728598344,11.430000000000007
42,tsiombe,-25.3,45.4833,295.07,74,4,3.61,MG,1728598345,21.819999999999993
43,tolanaro,-25.0319,46.9987,294.19,80,0,6.23,MG,1728598347,20.939999999999998
44,arraial do cabo,-22.9661,-42.0278,294.39,91,100,10.54,BR,1728598348,21.139999999999986
45,laguna,38.421,-121.4238,302.72,43,0,2.57,US,1728598349,29.470000000000027
46,yeppoon,-23.1333,150.7333,294.54,80,82,7.2,AU,1728598350,21.29000000000002
48,west island,-12.1568,96.8225,299.14,83,75,7.2,CC,1728598352,25.889999999999986
49,taltal,-25.4,-70.4833,289.77,75,0,2.73,CL,1728598220,16.519999999999982
50,lubango,-14.9172,13.4925,291.92,47,64,0.9,AO,1728598354,18.670000000000016
51,shakawe,-18.3667,21.85,293.42,21,0,2.39,BW,1728598355,20.170000000000016
52,goianesia,-15.3175,-49.1175,301.44,46,100,2.53,BR,1728598070,28.189999999999998
53,belmonte,-15.8631,-38.8828,297.2,83,48,3.32,BR,1728598358,23.94999999999999
54,alice springs,-23.7,133.8833,289.9,31,21,0.51,AU,1728598359,16.649999999999977
55,moranbah,-22.0016,148.0466,294.74,68,90,5.75,AU,1728598360,21.49000000000001
56,carnarvon,-24.8667,113.6333,295.52,63,0,2.33,AU,1728598361,22.269999999999982
57,prado,-17.3411,-39.2208,298.3,80,100,3.96,BR,1728598362,25.05000000000001
58,ondjiva,-17.0667,15.7333,296.1,15,30,3.23,AO,1728598363,22.850000000000023
59,saint-paul,-21.0096,55.2707,295.2,91,96,2.05,RE,1728598364,21.94999999999999
60,ambodifotatra,-16.9833,49.85,297.02,72,27,6.48,MG,1728598366,23.769999999999982
61,saint-philippe,-21.3585,55.7679,294.48,83,50,6.5,RE,1728598368,21.230000000000018
62,broken hill,-31.95,141.4333,285.9,48,64,9.3,AU,1728598369,12.649999999999977
63,port mathurin,-19.6833,63.4167,295.63,83,98,9.67,MU,1728598370,22.379999999999995
64,coquimbo,-29.9533,-71.3436,288.7,73,40,3.6,CL,1728598251,15.449999999999989
65,tamarin,-20.3256,57.3706,295.22,74,68,6.77,MU,1728598285,21.970000000000027
66,emerald,-23.5333,148.1667,294.45,76,2,3.79,AU,1728598373,21.19999999999999
67,callao,-12.0667,-77.15,290.31,82,100,2.57,PE,1728598375,17.060000000000002
68,kununurra,-15.7667,128.7333,297.14,88,4,1.54,AU,1728598376,23.889999999999986
69,flying fish cove,-10.4217,105.6791,298.97,88,75,5.14,CX,1728598249,25.720000000000027
71,puerto ayora,-0.7393,-90.3518,294.01,92,84,3.13,EC,1728598379,20.75999999999999
72,inirida,3.8653,-67.9239,301.87,67,100,0.88,CO,1728598380,28.620000000000005
73,moroto,2.5345,34.6666,296.03,51,78,1.04,UG,1728598381,22.779999999999973
74,antsiranana,-12.2787,49.2917,297.42,67,1,8.86,MG,1728598382,24.170000000000016
75,mejit,10.2753,170.8646,301.32,76,82,5.51,MH,1728598384,28.069999999999993
76,pamandzi,-12.7967,45.2794,298.03,88,0,1.54,YT,1728598385,24.779999999999973
77,huanuco,-9.9329,-76.2415,294.4,70,91,3.28,PE,1728598386,21.149999999999977
78,nabire,-3.3667,135.4833,297.86,90,100,1.35,ID,1728598387,24.610000000000014
79,georgetown,5.4112,100.3354,300.11,83,20,1.03,MY,1728598389,26.860000000000014
80,sao raimundo nonato,-9.0153,-42.6994,305.5,25,9,1.08,BR,1728598390,32.25
81,ugoofaaru,5.6667,73.0,300.18,82,100,10.1,MV,1728598393,26.930000000000007
82,yaren,-0.5472,166.916,301.31,67,100,5.3,NR,1728598394,28.060000000000002
83,olinda,-8.0089,-34.8553,300.0,74,40,4.12,BR,1728598395,26.75
84,fale old settlement,-9.3852,-171.2468,300.95,78,29,4.65,TK,1728598396,27.69999999999999
85,hell-ville,-13.4,48.2667,299.69,68,8,2.65,MG,1728598397,26.439999999999998
86,jamestown,42.097,-79.2353,282.95,66,0,3.09,US,1728598398,9.699999999999989
87,buala,-8.145,159.5921,301.36,76,65,2.51,SB,1728598399,28.110000000000014
88,sinabang,2.4803,96.3801,297.54,95,100,2.55,ID,1728598400,24.29000000000002
89,palikir - national government center,6.9248,158.1611,303.56,74,100,4.12,FM,1728598401,30.310000000000002
90,mili,6.0815,171.735,301.98,72,32,4.75,MH,1728598403,28.730000000000018
91,ibimirim,-8.5406,-37.6903,303.59,34,66,8.34,BR,1728598404,30.339999999999975
92,malango,-2.9627,119.9001,291.86,99,100,1.07,ID,1728598405,18.610000000000014
93,mabaruma,8.2,-59.7833,300.15,78,99,2.46,GY,1728598407,26.899999999999977
94,gaalkacyo,6.7697,47.4308,298.84,68,17,7.22,SO,1728598408,25.589999999999975
95,kirakira,-10.4544,161.9205,301.61,76,43,3.79,SB,1728598409,28.360000000000014
96,bamboo flat,11.7,92.7167,299.56,76,35,0.68,IN,1728598411,26.310000000000002
97,cabo san lucas,22.8909,-109.9124,304.32,66,20,3.6,MX,1728598397,31.069999999999993
98,flores costa cuca,14.65,-91.8167,298.22,62,69,1.38,GT,1728598413,24.970000000000027
99,rongelap,11.1635,166.8941,300.04,83,100,5.86,MH,1728598414,26.79000000000002
100,san patricio,28.017,-97.5169,305.12,31,0,3.74,US,1728598415,31.870000000000005
101,acarau,-2.8856,-40.12,299.05,79,28,8.15,BR,1728598417,25.80000000000001
102,puerto armuelles,8.2833,-82.8667,298.76,87,97,3.13,PA,1728598418,25.50999999999999
103,tabou,4.423,-7.3528,297.82,90,87,3.61,CI,1728598420,24.569999999999993
104,caleta de carquin,-11.0925,-77.6267,292.03,82,41,4.8,PE,1728598421,18.779999999999973
105,bima,-8.4667,118.7167,297.71,94,50,1.36,ID,1728598422,24.45999999999998
106,yanam,16.7333,82.2167,297.61,96,100,1.23,IN,1728598423,24.360000000000014
107,bubaque,11.2833,-15.8333,300.25,75,100,5.32,GW,1728598424,27.0
108,tanjung selor,2.8372,117.3642,296.36,98,45,0.57,ID,1728598425,23.110000000000014
109,tual,-5.6667,132.75,300.71,84,100,7.79,ID,1728598426,27.45999999999998
110,tekkali,18.6167,84.2333,297.46,92,87,1.61,IN,1728598427,24.20999999999998
111,jiaojiang,28.6803,121.4428,286.68,85,36,1.95,CN,1728598429,13.430000000000007
112,wailua homesteads,22.0669,-159.378,301.59,75,75,6.69,US,1728598430,28.339999999999975
113,ribeira grande,38.5167,-28.7,293.02,87,80,3.58,PT,1728598431,19.769999999999982
114,lihue,21.9789,-159.3672,301.92,65,75,6.69,US,1728598432,28.670000000000016
115,heroica guaymas,27.9333,-110.9,304.8,70,20,8.23,MX,1728598185,31.55000000000001
116,utrik,11.2278,169.8474,301.46,77,77,4.49,MH,1728598434,28.20999999999998
117,enewetak,11.3474,162.3373,301.9,75,99,3.93,MH,1728598435,28.649999999999977
118,zouerate,22.7187,-12.4521,306.41,25,25,4.02,MR,1728598199,33.160000000000025
119,vientiane,17.9667,102.6,295.1,91,48,0.61,LA,1728598438,21.850000000000023
120,nishinoomote,30.7333,131.0,297.26,69,73,4.96,JP,1728598439,24.00999999999999
121,lompoc,34.6391,-120.4579,296.22,70,0,5.66,US,1728598440,22.970000000000027
122,hawaiian paradise park,19.5933,-154.9731,300.88,77,75,4.12,US,1728598441,27.629999999999995
123,jaltenango de la paz,15.9167,-92.7167,297.78,78,100,0.85,MX,1728598425,24.529999999999973
124,huanggang,23.677,116.9996,295.54,80,100,2.41,CN,1728598443,22.29000000000002
125,lashio,22.9333,97.75,290.88,99,30,0.42,MM,1728598159,17.629999999999995
126,awjilah,29.1081,21.2869,302.26,23,3,4.08,LY,1728598445,29.00999999999999
127,port lavaca,28.615,-96.6261,305.96,36,0,3.95,US,1728598446,32.70999999999998
128,ubari,26.5921,12.7805,304.36,18,3,4.22,LY,1728598448,31.110000000000014
129,pathein,16.7833,94.7333,297.68,89,16,1.78,MM,1728598449,24.430000000000007
130,pedro escobedo,20.5,-100.1333,297.16,17,40,8.23,MX,1728598450,23.910000000000025
131,ad dilam,23.9915,47.1627,300.64,20,0,3.87,SA,1728598451,27.389999999999986
132,chhindwara,22.0667,78.9333,294.74,86,72,1.58,IN,1728598452,21.49000000000001
133,mukalla,14.5425,49.1242,298.18,83,1,1.27,YE,1728598453,24.930000000000007
134,tangping,22.0265,111.9323,295.45,74,41,1.7,CN,1728598454,22.19999999999999
135,pavuluru,15.8529,80.1647,297.9,94,100,2.14,IN,1728598455,24.649999999999977
136,bardai,11.65,7.2333,297.5,65,48,2.35,NG,1728598456,24.25
137,san pedro,14.35,121.0167,299.72,94,20,1.54,PH,1728598458,26.470000000000027
138,as sulayyil,20.4607,45.5779,299.6,22,13,2.59,SA,1728598459,26.350000000000023
139,pasuquin,18.3328,120.6177,297.12,94,20,1.54,PH,1728598460,23.870000000000005
140,saipan,15.1355,145.701,300.54,89,100,2.57,MP,1728598461,27.29000000000002
141,gopalpur,19.2667,84.9167,298.79,88,84,1.84,IN,1728598462,25.54000000000002
142,hamilton,39.1834,-84.5333,294.17,40,0,1.54,US,1728598228,20.920000000000016
143,remire-montjoly,4.9167,-52.2667,301.17,83,0,1.54,GF,1728598465,27.920000000000016
144,kodiak,57.79,-152.4072,279.88,65,75,2.57,US,1728598401,6.6299999999999955
145,yuzhno-kurilsk,44.0306,145.8556,283.16,78,100,7.65,RU,1728598468,9.910000000000025
146,pratt,37.6439,-98.7376,302.27,32,0,5.66,US,1728598469,29.019999999999982
147,jinan,36.6683,116.9972,288.08,37,0,0.93,CN,1728598470,14.829999999999984
148,mary,37.0,62.5,295.32,23,0,3.93,TM,1728598471,22.069999999999993
149,loveland,40.3978,-105.075,303.82,17,0,3.6,US,1728598472,30.569999999999993
150,haiku-pauwela,20.9219,-156.3051,302.16,75,83,10.73,US,1728598474,28.910000000000025
151,arrifes,37.7667,-25.7,292.29,77,40,3.6,PT,1728598476,19.04000000000002
152,conception bay south,47.4999,-52.9981,284.67,97,100,0.63,CA,1728598477,11.420000000000016
153,kincardine,56.0667,-3.7167,277.63,88,35,3.13,GB,1728598478,4.3799999999999955
154,praia da vitoria,38.7333,-27.0667,293.29,77,40,11.58,PT,1728598479,20.04000000000002
155,kill devil hills,36.0307,-75.676,289.81,64,75,6.17,US,1728598480,16.560000000000002
156,petropavlovsk-kamchatsky,53.0452,158.6483,271.48,64,0,4.0,RU,1728598440,-1.7699999999999818
157,susanville,40.4163,-120.653,300.27,18,100,1.34,US,1728598482,27.019999999999982
158,buarcos,40.166,-8.8768,289.36,78,39,2.55,PT,1728598483,16.110000000000014
159,brookings,44.3114,-96.7984,301.15,41,0,4.63,US,1728598484,27.899999999999977
160,boryeong,36.3493,126.5977,289.61,78,0,0.83,KR,1728598486,16.360000000000014
161,montecatini-terme,43.8835,10.7736,290.92,80,87,3.13,IT,1728598460,17.670000000000016
162,moab,38.5733,-109.5498,304.18,13,8,2.36,US,1728598489,30.930000000000007
163,eureka,40.8021,-124.1637,291.62,66,35,2.09,US,1728598466,18.370000000000005
164,fortuna,40.5982,-124.1573,293.11,70,0,5.66,US,1728598491,19.860000000000014
165,turkmenabat,39.0733,63.5786,289.14,59,0,2.06,TM,1728598492,15.889999999999986
166,al kut,32.5147,45.819,301.91,12,0,1.53,IQ,1728598493,28.660000000000025
167,ohara,35.25,140.3833,291.19,79,77,5.17,JP,1728598495,17.939999999999998
168,faro,37.0194,-7.9322,292.03,82,75,2.06,PT,1728598496,18.779999999999973
169,bridgewater,44.3835,-64.5155,284.97,68,23,5.66,CA,1728598497,11.720000000000027
170,deqen,29.9618,90.7188,276.45,86,4,1.22,CN,1728598498,3.1999999999999886
171,pachino,36.7186,15.0907,296.34,77,99,3.2,IT,1728598499,23.089999999999975
172,katsuura,35.1333,140.3,290.94,82,77,5.77,JP,1728598500,17.689999999999998
173,ontario,34.0633,-117.6509,305.71,29,20,5.66,US,1728598501,32.45999999999998
174,bethel,41.3712,-73.414,286.79,60,5,0.45,US,1728598502,13.54000000000002
175,nemuro,43.3236,145.575,284.64,80,100,11.03,JP,1728598504,11.389999999999986
176,iola,37.9245,-95.4,302.18,53,0,2.06,US,1728598281,28.930000000000007
177,happy valley-goose bay,53.3168,-60.3315,281.32,100,100,2.06,CA,1728598506,8.069999999999993
178,srednebelaya,50.6594,128.0106,277.56,75,100,5.03,RU,1728598334,4.310000000000002
179,solnechnyy,50.7214,136.6319,278.04,73,100,2.5,RU,1728598508,4.7900000000000205
180,ulaangom,49.9811,92.0667,277.6,69,20,1.01,MN,1728598509,4.350000000000023
181,tralee,52.2704,-9.7026,280.57,77,36,0.76,IE,1728598510,7.319999999999993
182,keflavik,64.0049,-22.5624,274.39,80,20,9.77,IS,1728598440,1.1399999999999864
183,boguchany,58.3814,97.4531,267.84,83,76,2.67,RU,1728598512,-5.410000000000025
184,ocher,57.8904,54.7202,268.86,69,6,4.9,RU,1728598514,-4.389999999999986
185,anadyr,64.75,177.4833,272.43,74,20,5.0,RU,1728598515,-0.8199999999999932
186,kapuskasing,49.4169,-82.4331,287.15,58,75,2.57,CA,1728598516,13.899999999999977
187,uliastay,47.7417,96.8444,275.43,55,5,2.57,MN,1728598517,2.180000000000007
188,tulun,54.5611,100.5792,270.89,95,97,0.66,RU,1728598518,-2.3600000000000136
189,thunder bay,48.4001,-89.3168,287.75,56,97,2.1,CA,1728598407,14.5
190,khovd,48.0056,91.6419,280.6,43,0,1.14,MN,1728598520,7.350000000000023
191,wisbech,52.6662,0.1594,278.16,75,8,2.63,GB,1728598521,4.910000000000025
192,mysen,59.5535,11.3258,277.39,93,99,0.45,NO,1728598522,4.139999999999986
193,horta,38.5333,-28.6333,292.6,87,85,3.58,PT,1728598519,19.350000000000023
194,berezovyy,51.6667,135.7,276.33,71,100,1.09,RU,1728598525,3.079999999999984
195,lianhe,47.1333,129.2667,274.28,85,2,0.85,CN,1728598526,1.0299999999999727
196,dubovka,49.0583,44.829,282.85,77,15,3.81,RU,1728598527,9.600000000000023
197,tsetserleg,47.475,101.4542,275.43,59,3,1.98,MN,1728598528,2.180000000000007
198,sitka,57.0531,-135.33,280.09,81,100,5.66,US,1728598529,6.839999999999975
199,milford haven,51.7128,-5.0341,278.21,94,14,3.54,GB,1728598530,4.9599999999999795
200,kovacica,45.1117,20.6214,292.01,59,7,2.01,RS,1728598531,18.75999999999999
201,klyuchi,52.2667,79.1667,280.39,48,100,8.11,RU,1728598533,7.139999999999986
202,tyumen,57.1522,65.5272,270.2,93,100,6.0,RU,1728598244,-3.0500000000000114
203,altay,47.8667,88.1167,280.19,55,2,1.87,CN,1728598535,6.939999999999998
204,la sarre,48.8002,-79.1996,281.07,82,92,2.19,CA,1728598536,7.819999999999993
205,flin flon,54.7682,-101.865,286.06,47,40,5.14,CA,1728598489,12.810000000000002
206,motygino,58.1831,94.7592,267.81,83,13,2.35,RU,1728598538,-5.439999999999998
207,ola,59.5833,151.2833,271.08,66,25,2.39,RU,1728598539,-2.170000000000016
208,salekhard,66.53,66.6019,266.24,84,13,1.78,RU,1728598541,-7.009999999999991
209,whitehorse,60.7161,-135.0538,279.87,67,75,5.66,CA,1728598542,6.6200000000000045
210,thompson,55.7435,-97.8558,284.24,62,75,3.09,CA,1728598543,10.990000000000009
211,aasiaat,68.7098,-52.8699,267.97,68,42,5.39,GL,1728598544,-5.279999999999973
212,priob'ye,62.5206,65.5964,269.43,84,9,2.83,RU,1728598545,-3.819999999999993
213,tura,25.5198,90.2201,294.62,96,27,1.54,IN,1728598546,21.370000000000005
214,suntar,62.1444,117.6319,271.44,98,100,1.1,RU,1728598547,-1.8100000000000023
215,college,64.8569,-147.8028,275.12,85,100,2.06,US,1728598548,1.8700000000000045
216,pangody,65.85,74.4859,269.93,85,80,6.1,RU,1728598549,-3.319999999999993
217,oppdal,62.5943,9.6912,271.22,96,90,2.44,NO,1728598551,-2.0299999999999727
218,amga,60.8953,131.9608,274.59,93,100,1.19,RU,1728598552,1.339999999999975
219,vorgashor,67.5833,63.95,263.19,98,49,0.95,RU,1728598553,-10.060000000000002
220,bilibino,68.0546,166.4372,257.95,97,65,1.06,RU,1728598554,-15.300000000000011
221,igarka,67.4667,86.5833,266.35,92,99,7.08,RU,1728598405,-6.899999999999977
222,udachny,66.4167,112.4,261.41,97,99,1.45,RU,1728598556,-11.839999999999975
223,iqaluit,63.7506,-68.5145,274.0,74,75,0.0,CA,1728598557,0.75
224,olonkinbyen,70.9221,-8.7187,270.27,91,100,20.56,SJ,1728598558,-2.980000000000018
225,strezhevoy,60.7333,77.5889,268.63,81,37,3.29,RU,1728598428,-4.6200000000000045
226,tiksi,71.6872,128.8694,267.69,90,100,1.74,RU,1728598561,-5.560000000000002
227,yellowknife,62.456,-114.3525,280.6,97,75,4.63,CA,1728598497,7.350000000000023
228,ust-nera,64.5667,143.2,264.6,83,85,1.91,RU,1728598563,-8.649999999999977
229,ilulissat,69.2167,-51.1,272.16,43,61,2.06,GL,1728598564,-1.089999999999975
230,beloyarskiy,63.7119,66.6722,266.6,94,12,1.56,RU,1728598355,-6.649999999999977
231,isafjordur,66.0755,-23.124,271.5,69,99,5.99,IS,1728598566,-1.75
232,labytnangi,66.6572,66.4183,265.6,87,12,1.73,RU,1728598267,-7.649999999999977
233,hammerfest,70.6634,23.6821,278.4,75,75,2.06,NO,1728598568,5.149999999999977
234,muravlenko,63.7898,74.523,267.57,93,19,5.22,RU,1728598570,-5.680000000000007
235,severo-yeniseyskiy,60.3725,93.0408,264.52,95,100,1.73,RU,1728598571,-8.730000000000018
236,longyearbyen,78.2186,15.6401,277.06,75,75,7.2,SJ,1728598572,3.8100000000000023
237,polyarnyy,69.1989,33.4478,276.51,86,100,7.76,RU,1728598573,3.259999999999991
238,gadzhiyevo,69.2551,33.3362,276.47,87,100,7.32,RU,1728598574,3.2200000000000273
239,dudinka,69.4058,86.1778,264.27,90,57,5.69,RU,1728598575,-8.980000000000018
240,talnakh,69.4865,88.3972,261.97,93,44,4.78,RU,1728598576,-11.279999999999973
241,nadym,65.5333,72.5167,270.22,86,79,5.25,RU,1728598577,-3.0299999999999727
242,nar'yan-mar,67.6713,53.087,270.28,77,100,6.61,RU,1728598579,-2.9700000000000273
243,badger,64.8,-147.5333,275.08,85,100,2.06,US,1728598580,1.829999999999984
244,christchurch,-43.5333,172.6333,289.44,60,6,2.06,NZ,1728598311,16.189999999999998
245,portland,45.5234,-122.6762,294.2,54,40,2.57,US,1728598582,20.94999999999999
246,san julian,21.0167,-102.1667,297.15,22,3,4.69,MX,1728598583,23.899999999999977
247,el calafate,-50.3408,-72.2768,280.51,63,75,4.89,AR,1728598398,7.259999999999991
248,ulladulla,-35.35,150.4667,289.14,69,84,0.88,AU,1728598585,15.889999999999986
249,richards bay,-28.783,32.0377,294.3,81,23,7.12,ZA,1728598586,21.05000000000001
250,new plymouth,-39.0667,174.0833,286.66,100,13,1.7,NZ,1728598587,13.410000000000025
251,port pirie,-33.1833,138.0167,285.32,55,100,4.84,AU,1728598589,12.069999999999993
252,saldanha,-33.0117,17.9442,283.18,81,79,1.59,ZA,1728598590,9.930000000000007
253,motueka,-41.1333,173.0167,286.89,55,4,1.6,NZ,1728598591,13.639999999999986
254,nuriootpa,-34.4833,139.0,282.65,74,38,4.39,AU,1728598592,9.399999999999977
255,general acha,-37.377,-64.6043,297.31,35,0,3.35,AR,1728598593,24.060000000000002
256,porto seguro,-16.4497,-39.0647,299.44,89,75,4.12,BR,1728598594,26.189999999999998
257,la foa,-21.7108,165.8276,296.95,58,4,3.33,NC,1728598595,23.69999999999999
258,esikhaleni,-28.871,31.8996,294.28,82,24,7.51,ZA,1728598596,21.029999999999973
259,pisco,-13.7,-76.2167,293.18,73,0,8.23,PE,1728598474,19.930000000000007
260,alofi,-19.0595,-169.9187,299.09,78,100,5.66,NU,1728598600,25.839999999999975
261,mount isa,-20.7333,139.5,301.02,12,0,6.17,AU,1728598601,27.769999999999982
262,atherton,53.5237,-2.4935,277.85,90,5,0.73,GB,1728598602,4.600000000000023
263,broome,42.2506,-75.833,282.91,68,100,4.63,US,1728598603,9.660000000000025
264,luganville,-15.5333,167.1667,300.16,74,91,3.48,VU,1728598604,26.910000000000025
265,karratha,-20.7377,116.8463,298.86,51,4,7.35,AU,1728598605,25.610000000000014
266,charters towers,-20.1,146.2667,296.95,62,13,6.03,AU,1728598606,23.69999999999999
267,andovoranto,-18.95,49.1,294.01,81,59,1.39,MG,1728598608,20.75999999999999
268,ponta pora,-22.5361,-55.7256,294.15,95,92,5.33,BR,1728598609,20.899999999999977
269,tocopilla,-22.092,-70.1979,291.33,72,0,7.79,CL,1728598314,18.079999999999984
270,el charco,2.4769,-78.1105,298.16,91,100,1.89,CO,1728598611,24.910000000000025
271,uturoa,-16.7333,-151.4333,297.38,83,100,9.18,PF,1728598612,24.129999999999995
272,daru,-9.0763,143.2092,298.95,92,100,7.88,PG,1728598613,25.69999999999999
273,merizo village,13.2658,144.6691,302.03,87,90,3.16,GU,1728598614,28.779999999999973
274,atafu village,-8.5421,-172.5159,301.18,76,32,4.42,TK,1728598617,27.930000000000007
275,yangambi,0.8102,24.4336,294.5,85,18,0.6,CD,1728598618,21.25
276,muriti,-1.9833,32.9167,296.57,68,28,2.65,TZ,1728598620,23.319999999999993
277,tangalle,6.024,80.7911,298.48,89,100,6.03,LK,1728598621,25.230000000000018
278,kuala tungkal,-0.8167,103.4667,297.68,92,100,1.87,ID,1728598622,24.430000000000007
279,macenta,8.5435,-9.471,293.98,99,88,0.68,GN,1728598623,20.730000000000018
280,menongue,-14.6585,17.691,291.52,19,5,2.58,AO,1728598450,18.269999999999982
281,hithadhoo,-0.6,73.0833,300.9,74,100,6.51,MV,1728598626,27.649999999999977
282,abak,4.9797,7.7917,297.1,94,17,1.27,NG,1728598627,23.850000000000023
283,maitum,6.0392,124.4986,298.93,85,16,1.78,PH,1728598628,25.680000000000007
284,kavieng,-2.5744,150.7967,301.6,77,87,4.58,PG,1728598629,28.350000000000023
285,catio,11.2833,-15.25,297.39,88,100,1.98,GW,1728598630,24.139999999999986
286,lasem,-6.6922,111.4527,299.2,77,90,2.77,ID,1728598631,25.94999999999999
287,lagunillas,10.1301,-71.2595,302.11,72,100,1.08,VE,1728598634,28.860000000000014
288,barranca,-10.75,-77.7667,291.47,81,74,4.24,PE,1728598635,18.220000000000027
289,melgar,4.2048,-74.6407,301.49,70,95,0.6,CO,1728598636,28.24000000000001
290,akjoujt,19.6969,-14.4164,307.59,32,37,3.33,MR,1728598637,34.339999999999975
291,manoharpur,27.3,75.95,297.67,54,4,0.55,IN,1728598638,24.420000000000016
292,murwara,23.85,80.4,295.76,64,80,0.4,IN,1728598639,22.50999999999999
293,east end,34.5507,-92.341,302.02,37,0,0.45,US,1728598640,28.769999999999982
294,nema,57.5067,50.5011,270.77,72,71,4.26,RU,1728598641,-2.480000000000018
295,dzilam gonzalez,21.2833,-88.9333,298.16,93,79,2.16,MX,1728598643,24.910000000000025
296,jaigaon,26.8477,89.3756,295.58,86,59,1.99,IN,1728598514,22.329999999999984
297,galliano,29.4422,-90.2992,301.15,39,0,2.06,US,1728598645,27.899999999999977
298,crane,31.3974,-102.3501,306.65,10,0,7.74,US,1728598646,33.39999999999998
299,sotuta,20.6,-89.0167,300.74,71,71,3.93,MX,1728598647,27.49000000000001
300,saint-louis du nord,19.9333,-72.7167,303.23,72,80,0.56,HT,1728598648,29.980000000000018
301,rosarito,32.3333,-117.0333,298.66,60,20,4.1,MX,1728598390,25.410000000000025
302,kapa'a,22.0752,-159.319,302.33,75,75,6.69,US,1728598651,29.079999999999984
303,tabuk,17.4189,121.4443,295.25,95,18,0.82,PH,1728598652,22.0
304,springfield,37.2153,-93.2982,300.88,25,0,3.6,US,1728598357,27.629999999999995
305,salalah,17.0151,54.0924,298.62,80,5,0.47,OM,1728598654,25.370000000000005
306,codrington,-38.2667,141.9667,285.25,69,99,5.78,AU,1728598656,12.0
307,greenwood,34.1668,-82.1165,295.24,43,0,4.63,US,1728598657,21.99000000000001
308,tyup,42.7276,78.3648,283.0,60,79,0.52,KG,1728598658,9.75
309,hasaki,35.7333,140.8333,292.74,70,100,6.13,JP,1728598659,19.49000000000001
310,lanzhou,36.0564,103.7922,287.08,64,100,0.69,CN,1728598661,13.829999999999984
311,albenga,44.0529,8.216,292.22,83,4,2.24,IT,1728598662,18.970000000000027
312,peymeinade,43.6333,6.8833,290.29,57,0,1.41,FR,1728598663,17.04000000000002
313,baoding,38.8511,115.4903,284.24,45,0,3.12,CN,1728598664,10.990000000000009
314,bechar,31.6167,-2.2167,297.33,31,0,0.51,DZ,1728598665,24.079999999999984
315,vila franca do campo,37.7167,-25.4333,293.38,99,82,6.91,PT,1728598666,20.129999999999995
316,shingu,33.7333,135.9833,289.97,83,80,2.26,JP,1728598669,16.720000000000027
317,mount pearl,47.5166,-52.7813,284.34,96,75,4.12,CA,1728598387,11.089999999999975
318,bridgeport,41.167,-73.2048,288.36,53,0,4.63,US,1728598400,15.110000000000014
319,north bend,43.4065,-124.2243,298.28,59,0,7.72,US,1728598522,25.029999999999973
320,lushun,38.8,121.2667,283.27,54,0,3.28,CN,1728598674,10.019999999999982
321,al bayda',32.7627,21.7551,297.03,38,23,2.46,LY,1728598675,23.779999999999973
322,vail,32.0479,-110.712,310.11,8,20,2.24,US,1728598678,36.860000000000014
323,chibougamau,49.9168,-74.3659,279.94,87,100,4.12,CA,1728598638,6.689999999999998
324,ploermel,47.9317,-2.3978,283.6,88,72,2.54,FR,1728598680,10.350000000000023
325,borodulikha,50.7184,80.9295,286.27,41,3,5.66,KZ,1728598681,13.019999999999982
326,beyneu,45.3167,55.2,287.39,74,100,7.23,KZ,1728598682,14.139999999999986
327,saguenay,48.4168,-71.0657,283.2,75,75,6.17,CA,1728598665,9.949999999999989
328,schleiz,50.5833,11.8167,282.94,90,100,1.58,DE,1728598481,9.689999999999998
329,prince rupert,54.3161,-130.3201,284.2,78,20,10.8,CA,1728598687,10.949999999999989
330,gannan,47.9147,123.5031,277.26,40,99,1.09,CN,1728598688,4.009999999999991
331,vilyuchinsk,52.9306,158.4028,274.3,53,0,1.35,RU,1728598689,1.0500000000000114
332,priargunsk,50.3691,119.1012,274.06,82,63,3.89,RU,1728598690,0.8100000000000023
333,weyburn,49.6668,-103.8511,290.27,51,100,9.26,CA,1728598556,17.019999999999982
334,sayansk,54.1088,102.1648,271.01,83,100,0.73,RU,1728598692,-2.240000000000009
335,selfoss,63.9331,-20.9971,274.29,70,1,4.73,IS,1728598693,1.0400000000000205
336,mont-laurier,46.5501,-75.4993,281.84,70,99,3.73,CA,1728598694,8.589999999999975
337,grande prairie,55.1667,-118.8027,285.25,35,75,8.23,CA,1728598696,12.0
338,kzyltu,53.6364,72.3414,276.19,51,100,9.67,KZ,1728598697,2.9399999999999977
339,qaqortoq,60.7167,-46.0333,274.97,90,32,3.92,GL,1728598698,1.7200000000000273
340,iskateley,67.6803,53.1512,270.25,78,100,6.53,RU,1728598699,-3.0
341,susuman,62.7833,148.1667,259.41,93,49,0.79,RU,1728598700,-13.839999999999975
342,lerwick,60.1545,-1.1494,278.85,61,68,4.09,GB,1728598701,5.600000000000023
343,revda,56.801,59.9303,268.03,87,100,5.81,RU,1728598702,-5.220000000000027
344,midvagur,62.0511,-7.1939,276.61,75,100,5.14,FO,1728598703,3.3600000000000136
345,tanaina,61.6269,-149.4281,279.38,76,20,1.54,US,1728598706,6.1299999999999955
346,vilyuysk,63.7553,121.6247,269.17,96,100,0.87,RU,1728598707,-4.079999999999984
347,floro,61.5996,5.0328,279.13,70,40,5.66,NO,1728598708,5.8799999999999955
348,tazovsky,67.4667,78.7,269.68,89,72,7.42,RU,1728598709,-3.569999999999993
349,muhos,64.808,25.9931,280.2,93,100,6.93,FI,1728598710,6.949999999999989
350,boden,65.8252,21.6886,282.34,97,100,5.5,SE,1728598711,9.089999999999975
351,klaksvik,62.2266,-6.589,277.81,65,100,9.04,FO,1728598712,4.560000000000002
352,inari,68.906,27.0288,276.33,98,100,3.27,FI,1728598714,3.079999999999984
353,aldinga beach,-35.2793,138.4604,286.84,69,2,3.82,AU,1728598715,13.589999999999975
354,eduardo castex,-35.915,-64.2945,297.79,35,52,2.47,AR,1728598716,24.54000000000002
355,barra de santo antonio,-9.4047,-35.5072,297.99,74,71,5.16,BR,1728598717,24.74000000000001
356,isangel,-19.55,169.2667,300.21,69,75,4.12,VU,1728598718,26.95999999999998
357,inverell,-29.7833,151.1167,292.68,74,40,0.89,AU,1728598719,19.430000000000007
358,saint-leu,-21.15,55.2833,294.63,90,76,3.06,RE,1728598720,21.379999999999995
359,kone,-21.0595,164.8658,299.9,50,0,2.18,NC,1728598721,26.649999999999977
360,sao joao da barra,-21.6403,-41.0511,294.2,87,100,8.04,BR,1728598722,20.94999999999999
361,tarija,-21.5355,-64.7296,289.1,67,75,4.12,BO,1728598724,15.850000000000023
362,vila velha,-20.3297,-40.2925,295.12,97,100,2.06,BR,1728598455,21.870000000000005
363,south hedland,-20.4089,118.5983,296.11,60,6,3.09,AU,1728598726,22.860000000000014
364,kismayo,-0.3582,42.5454,298.1,87,53,7.01,SO,1728598727,24.850000000000023
365,isiro,2.7739,27.616,292.27,99,99,0.86,CD,1728598728,19.019999999999982
366,harar,9.3094,42.1258,288.47,83,24,0.66,ET,1728598729,15.220000000000027
367,alo,6.5486,4.2686,298.11,90,73,1.89,NG,1728598730,24.860000000000014
368,lamu,-2.2717,40.902,297.99,86,3,6.57,KE,1728598731,24.74000000000001
369,praya,14.9215,-23.5087,299.45,89,75,4.63,CV,1728598732,26.19999999999999
370,pangkalanbuun,-2.6833,111.6167,297.1,98,99,0.76,ID,1728598734,23.850000000000023
371,freetown,8.484,-13.2299,297.22,95,100,3.11,SL,1728598735,23.970000000000027
372,san nicolas,18.1725,120.5953,297.1,94,20,1.54,PH,1728598736,23.850000000000023
373,santa elena de uairen,4.6167,-61.1333,297.63,56,99,1.01,VE,1728598737,24.379999999999995
374,beni,0.5,29.4667,289.57,99,70,1.08,CD,1728598738,16.319999999999993
375,berbera,10.4396,45.0143,302.41,73,0,2.64,SO,1728598739,29.160000000000025
376,ponnamaravati,10.3,78.55,297.2,91,100,2.33,IN,1728598740,23.94999999999999
377,dawei,14.0833,98.2,298.24,90,97,1.62,MM,1728598741,24.99000000000001
378,odienne,9.51,-7.5692,295.49,95,99,1.16,CI,1728598742,22.24000000000001
379,asosa,10.0667,34.5333,289.23,91,100,1.37,ET,1728598744,15.980000000000018
380,nova sintra,14.8667,-24.7167,299.6,80,15,12.47,CV,1728598745,26.350000000000023
381,tuineje,28.3237,-14.0472,296.03,88,5,0.82,ES,1728598746,22.779999999999973
382,plymouth,41.8334,-70.8328,286.85,60,0,4.12,US,1728598747,13.600000000000023
383,abbeville,50.1,1.8333,282.31,86,100,0.1,FR,1728598748,9.060000000000002
384,menaka,15.9182,2.4022,307.51,21,29,4.02,ML,1728598749,34.25999999999999
385,nguigmi,14.2495,13.1092,303.92,37,6,1.02,NE,1728598634,30.670000000000016
386,lazaro cardenas,17.9583,-102.2,301.42,77,66,2.65,MX,1728598751,28.170000000000016
387,la cruz,23.9167,-106.9,304.04,67,96,3.37,MX,1728598753,30.79000000000002
388,igreja,15.0333,-24.3333,294.54,84,46,7.55,CV,1728598754,21.29000000000002
389,kanuru,16.2858,81.2546,300.39,83,100,5.29,IN,1728598755,27.139999999999986
390,smara,26.7384,-11.6719,296.84,65,6,4.13,EH,1728598756,23.589999999999975
391,patterson,37.4716,-121.1297,302.65,18,100,1.61,US,1728598757,29.399999999999977
392,aksu,41.1231,80.2644,289.35,34,71,2.08,CN,1728598623,16.100000000000023
393,fort bragg,35.139,-79.006,293.61,44,0,4.63,US,1728598649,20.360000000000014
394,beipiao,41.7919,120.7792,281.25,52,0,2.27,CN,1728598760,8.0
395,decan,42.5402,20.2879,289.25,85,100,2.9,XK,1728598762,16.0
396,fisterra,42.9049,-9.2629,288.88,84,87,4.02,ES,1728598764,15.629999999999995
397,tazacorte,28.629,-17.9293,296.69,94,0,1.54,ES,1728598765,23.439999999999998
398,sarykemer,43.0,71.5,288.86,44,100,2.22,KZ,1728598766,15.610000000000014
399,pontassieve,43.7737,11.4282,289.92,87,40,1.79,IT,1728598767,16.670000000000016
400,huayin,34.5675,110.0921,290.83,57,77,3.5,CN,1728598768,17.579999999999984
401,pingliang,35.5392,106.6861,283.85,70,100,0.74,CN,1728598770,10.600000000000023
402,longjiang,47.3303,123.1836,276.98,45,76,1.21,CN,1728598771,3.730000000000018
403,choibalsan,48.0667,114.5,272.43,63,17,3.2,MN,1728598772,-0.8199999999999932
404,palanga,55.9175,21.0686,288.16,77,75,4.12,LT,1728598773,14.910000000000025
405,grand falls-windsor,48.9332,-55.6649,283.99,83,3,0.12,CA,1728598774,10.740000000000009
406,boguchar,49.9358,40.545,282.28,81,50,2.35,RU,1728598742,9.029999999999973
407,omutinskiy,56.4745,67.6709,270.2,95,100,8.54,RU,1728598776,-3.0500000000000114
408,nuuk,64.1835,-51.7216,271.49,100,100,0.51,GL,1728598777,-1.759999999999991
409,vernon,50.2581,-119.2691,289.89,34,91,1.03,CA,1728598545,16.639999999999986
410,dalmatovo,56.26,62.9362,270.51,95,100,8.23,RU,1728598780,-2.740000000000009
411,mirny,62.5353,113.9611,270.76,91,100,2.49,RU,1728598781,-2.490000000000009
412,khandyga,62.6667,135.6,272.1,78,100,2.8,RU,1728598782,-1.1499999999999773
413,sodankyla,67.4167,26.6,277.16,98,100,5.81,FI,1728598783,3.910000000000025
414,malmberget,67.1753,20.6549,273.46,100,100,1.03,SE,1728598784,0.20999999999997954
415,saudarkrokur,65.7461,-19.6394,271.99,79,73,6.04,IS,1728598661,-1.259999999999991
416,dunedin,-45.8742,170.5036,285.53,46,19,0.88,NZ,1728598786,12.279999999999973
417,port lincoln,-34.7333,135.8667,286.09,66,100,4.76,AU,1728598787,12.839999999999975
418,cidreira,-30.1811,-50.2056,291.59,90,100,10.82,BR,1728598789,18.339999999999975
420,prieska,-29.6641,22.7474,296.21,17,78,1.94,ZA,1728598791,22.95999999999998
421,cannonvale,-20.2833,148.7,297.81,68,4,5.88,AU,1728598792,24.560000000000002
422,beira,-19.8436,34.8389,296.2,78,20,4.12,MZ,1728598793,22.94999999999999
423,minas de marcona,-15.2119,-75.1103,287.61,74,32,7.52,PE,1728598794,14.360000000000014
424,toliara,-23.35,43.6667,296.88,70,61,1.92,MG,1728598795,23.629999999999995
425,marondera,-18.1853,31.5519,284.22,65,0,1.24,ZW,1728598796,10.970000000000027
426,urangan,-25.3,152.9,293.94,70,42,6.77,AU,1728598797,20.689999999999998
427,amper,9.35,9.7,296.72,87,16,0.94,NG,1728598799,23.470000000000027
428,puerto leguizamo,-0.1934,-74.7819,299.46,83,100,0.91,CO,1728598800,26.20999999999998
429,sao felix do xingu,-6.6447,-51.995,306.17,24,22,0.7,BR,1728598801,32.920000000000016
430,sola,-13.8833,167.55,299.42,78,100,7.42,VU,1728598802,26.170000000000016
431,alotau,-10.3069,150.4462,298.83,93,99,2.17,PG,1728598803,25.579999999999984
432,leava,-14.3,-178.1667,300.25,79,85,4.08,WF,1728598514,27.0
433,likiep,9.8251,169.3107,301.07,75,100,3.17,MH,1728598807,27.819999999999993
434,colonia,50.9333,6.95,284.24,91,40,4.63,DE,1728598516,10.990000000000009
435,ponto novo,-10.8628,-40.1336,304.32,30,73,5.14,BR,1728598809,31.069999999999993
436,ixtapa,20.7,-105.2,304.39,74,40,5.14,MX,1728598810,31.139999999999986
437,lisala,2.15,21.5167,294.81,96,97,0.57,CD,1728598579,21.560000000000002
438,yurimaguas,-5.9,-76.0833,306.26,44,95,1.04,PE,1728598634,33.00999999999999
439,manokwari,-0.8667,134.0833,300.3,77,68,1.95,ID,1728598813,27.05000000000001
440,hobyo,5.3505,48.5268,298.67,82,96,9.48,SO,1728598815,25.420000000000016
441,funafuti,-8.5243,179.1942,304.15,79,20,3.6,TV,1728598816,30.899999999999977
442,taulaga,-11.0553,-171.0883,301.13,76,68,5.88,AS,1728598817,27.879999999999995
443,trenggalek,-8.05,111.7167,297.22,98,75,1.23,ID,1728598610,23.970000000000027
444,mana,5.6592,-53.7767,300.09,83,99,4.25,GF,1728598819,26.839999999999975
445,ormara,25.2088,64.6357,300.65,76,0,4.93,PK,1728598821,27.399999999999977
446,tamanrasset,22.785,5.5228,299.1,24,40,1.54,DZ,1728598822,25.850000000000023
447,arteche,12.2645,125.4048,298.36,93,51,1.09,PH,1728598823,25.110000000000014
448,i-n-salah,27.1935,2.4607,306.59,22,0,3.2,DZ,1728598825,33.339999999999975
449,la'ie,21.6477,-157.9253,303.81,74,53,5.32,US,1728598826,30.560000000000002
450,paris,48.8534,2.3488,284.92,93,75,2.57,FR,1728598719,11.670000000000016
451,mersa matruh,31.3525,27.2453,296.91,62,1,2.01,EG,1728598828,23.660000000000025
452,la junta,37.985,-103.5438,304.31,11,0,3.09,US,1728598829,31.060000000000002
453,xilin hot,43.9667,116.0333,279.67,63,42,2.28,CN,1728598830,6.420000000000016
454,xining,36.6167,101.7667,280.48,77,89,1.35,CN,1728598831,7.230000000000018
455,st. john's,47.5649,-52.7093,284.8,96,75,2.57,CA,1728598631,11.550000000000011
456,oneonta,42.4529,-75.0638,281.6,81,96,4.35,US,1728598784,8.350000000000023
457,hauterive,46.0901,3.4459,283.5,90,93,1.74,FR,1728598835,10.25
458,okhotsk,59.3833,143.3,277.24,89,100,6.41,RU,1728598836,3.990000000000009
459,usinsk,65.9939,57.5281,263.97,94,21,2.24,RU,1728598837,-9.279999999999973
460,fort mcmurray,56.7268,-111.381,286.92,38,100,6.17,CA,1728598838,13.670000000000016
461,new norfolk,-42.7826,147.0587,286.44,60,66,5.44,AU,1728598839,13.189999999999998
462,las heras,-46.5419,-68.9359,283.8,37,77,10.45,AR,1728598840,10.550000000000011
463,whakatane,-37.9585,176.9854,291.21,71,87,1.79,NZ,1728598841,17.95999999999998
464,amassoma,4.9692,6.1097,297.8,94,51,1.73,NG,1728598843,24.55000000000001
465,luanda,-8.8368,13.2343,298.15,83,40,3.6,AO,1728598560,24.899999999999977
466,port blair,11.6667,92.75,300.11,76,32,0.71,IN,1728598845,26.860000000000014
467,kourou,5.1552,-52.6478,299.82,80,64,2.69,GF,1728598846,26.569999999999993
468,gimbi,9.1667,35.8333,286.23,99,100,0.87,ET,1728598847,12.980000000000018
469,la passe,45.5549,-0.8967,287.27,82,32,3.16,FR,1728598848,14.019999999999982
470,nasugbu,14.1,120.6833,297.3,89,3,1.35,PH,1728598849,24.05000000000001
471,oriximina,-1.7656,-55.8661,304.59,42,89,1.63,BR,1728598850,31.339999999999975
472,lata,40.1629,-8.3327,286.4,75,52,1.49,PT,1728598852,13.149999999999977
473,ilha de mocambique,-15.0342,40.7358,297.37,74,0,2.23,MZ,1728598853,24.120000000000005
474,trincomalee,8.5711,81.2335,298.59,86,76,5.83,LK,1728598854,25.339999999999975
475,alaghsas,17.0187,8.0168,305.25,12,22,3.45,NE,1728598796,32.0
476,niafunke,15.9322,-3.9906,308.31,22,82,2.2,ML,1728598856,35.06
477,nouadhibou,20.931,-17.0347,299.14,61,20,3.09,MR,1728598857,25.889999999999986
478,quartz hill,34.6453,-118.2181,306.15,17,0,5.81,US,1728598858,32.89999999999998
479,chadron,42.8294,-102.9999,304.97,12,0,2.06,US,1728598859,31.720000000000027
480,rikaze,29.25,88.8833,280.97,54,45,1.48,CN,1728598732,7.720000000000027
481,boulder,40.0833,-105.3505,298.6,19,0,3.09,US,1728598713,25.350000000000023
482,clarinda,40.7419,-95.0383,302.04,26,0,5.66,US,1728598863,28.79000000000002
483,alesund,62.4723,6.1549,279.23,65,40,2.57,NO,1728598864,5.980000000000018
